Model,RMSE,MAE,R2
ElasticNet,0.09704269365076817,0.0698341497338117,0.8923812499025039
Ridge,0.09920119775471244,0.07053633879393441,0.8875405151767597
Ensemble,0.10029798895159588,0.0680920724815121,0.8850400123862108
Linear Regression,0.10571552126798033,0.07489625328069131,0.8722856289047772
Gradient Boosting,0.11138418365695489,0.07807725298997238,0.8582218482788506
Random Forest,0.11182385812793456,0.07944086491849718,0.8571003377759836
XGBoost,0.1170594977398804,0.07713053302783504,0.8434058366757726
